0,0,-157,23,0.24305973821274018,10,138.86199774772661
0,0,-157,23,0.24305973821274018,10,138.86199774772662
0,0,-157,23,0.24305973821274018,10,138.86199774772663
1,0,-48,60,0.6187342389091985,20,-6.28841400359255
2,0,-72,19,0.9131712134409782,30,-141.92418588153328
3,3,-146,60,3.7616206637216116,40,92.5814465561304
4,3,137,8,3.5348739945844136,50,-49.81267279575141
5,3,36,62,3.7387024995873572,60,-52.48981200393678
6,6,-89,12,6.503044298588967,70,148.00006341956475
7,6,-124,92,6.817955609810163,80,22.92632074624379
8,6,-41,5,6.075597532059692,90,102.26115567532668
9,9,-4,11,9.406700514827726,100,64.45292946208605
10,9,134,3,9.714997342067319,110,154.25334466876933
11,9,181,52,9.82018583600373,120,74.92024087264639
12,12,179,49,12.438632300130514,130,-159.0058962809735
13,12,53,93,12.756101050631658,140,-164.29411052878493
14,12,-2,50,12.473969966103724,150,-88.25096844865648
15,15,-156,83,15.914137401219067,160,-158.53390049322712
16,15,46,76,15.272070210978042,170,76.54891540237043
17,15,-51,34,15.647434776840331,180,43.64835371721327
18,18,-55,7,18.534378406820615,190,143.6306503529413
19,18,137,52,18.60490283962443,200,130.4152912606616
20,18,-36,26,18.08686006716396,210,-47.25235448978097
21,21,129,7,21.06334845482402,220,44.02155174789411
22,21,131,35,21.496635074368626,230,133.7807644315467
23,21,21,18,21.894692655984844,240,-116.27051065154487
24,24,154,41,24.9582278489697,250,48.92063386734171
25,24,35,76,24.764007316016347,260,23.464324279419486
26,24,-124,20,24.485100051143263,270,29.838072213509435
27,27,-134,63,27.602014446467287,280,33.190140438076895
28,27,44,40,27.631873486698726,290,182.76153275035784
29,27,-27,96,27.236688245504446,300,13.661493115581834
30,30,49,97,30.25819577518257,310,162.68819185197253
31,30,118,60,30.018289399989374,320,130.4291181575568
32,30,-14,13,30.287908627485155,330,141.84677404791438
33,33,-13,80,33.72155431756502,340,-28.96542704702685
34,33,62,0,33.18507361725628,350,-3.3190504802691123
35,33,40,24,33.56839013892089,360,-95.78580584829464
36,36,-12,62,36.27821104141486,370,-173.93593565335533
37,36,-1,84,36.916920268391706,380,-140.37462262765987
38,36,-184,0,36.1056758349243,390,-6.094627618050339
39,39,-154,48,39.00896433930816,400,99.65010284072315
40,39,143,58,39.94124560428862,410,124.11793636594439
41,39,-121,81,39.86403229170719,420,-93.44312542101162
42,42,131,94,42.98555586900975,430,105.90040008092217
43,42,51,82,42.775039768767655,440,-59.07427377300593
44,42,181,19,42.752939503137114,450,146.29810918480496
45,45,-180,58,45.89937509177962,460,-70.00294836405713
46,45,-13,48,45.78939743305807,470,-8.407709856308912
47,45,36,55,45.48248365167888,480,175.64153094415633
48,48,-156,35,48.265281794566604,490,-16.588534388262417
49,48,32,54,48.27279468676337,500,-116.48856487318119
50,48,-157,5,48.96363193996346,510,83.31524272306211
51,51,-111,24,51.171266532870895,520,-45.705040729696975
52,51,14,52,51.68327956471035,530,62.902919176742444
53,51,77,20,51.081562546318835,540,119.31872931686837
54,54,69,15,54.84987506944318,550,76.69569366751563
55,54,-107,65,54.71671113185042,560,-131.58539869368352
56,54,5,79,54.24131953280057,570,175.9759659970424
57,57,85,35,57.29408804897011,580,94.33630560644093
58,57,39,64,57.10103709720193,590,-143.76612178677743
59,57,123,67,57.89694069734868,600,79.98680539791718
60,60,187,57,60.23467406069004,610,-86.74454282638278
61,60,-179,39,60.17070310866331,620,-177.39658445802425
62,60,137,99,60.02461030962428,630,170.71004022343203
63,63,184,86,63.49204682016395,640,159.0120556231983
64,63,0,47,63.15294281514177,650,-55.245116674662995
65,63,57,91,63.62651746872913,660,87.49558282832612
66,66,57,63,66.46352496845068,670,-127.56510192225568
67,66,-59,78,66.17418304266948,680,-120.53428584915943
68,66,-32,89,66.05079019654767,690,124.01518446171804
69,69,111,33,69.94408512384297,700,157.68154365589476
70,69,-8,60,69.88412261526496,710,-160.61197213295736
71,69,18,15,69.04193676047319,720,-4.841537281697924
72,72,57,70,72.90162056402792,730,-121.38294284380879
73,72,-186,28,72.92710410807909,740,-21.649393311009646
74,72,118,3,72.50646362873982,750,-149.2117017246576
75,75,-185,78,75.95264538284064,760,-22.214430905030696
76,75,-21,0,75.36582893572184,770,175.3622847483956
77,75,-43,81,75.5696610925731,780,112.9975816790564
78,78,45,14,78.62429470714567,790,-68.92010626409164
79,78,121,9,78.62270957703947,800,177.1232659763225
80,78,145,87,78.68535077698765,810,180.45691381359137
81,81,-102,51,81.90355972729466,820,-34.300222053005086
82,81,20,18,81.2227770234364,830,82.2086214801925
83,81,-142,29,81.36971643078249,840,-78.63932369552099
84,84,120,49,84.8275996320796,850,-178.2378819984328
85,84,86,98,84.73750879339592,860,-183.2034960311062
86,84,35,86,84.31790499881998,870,-98.44210644274297
87,87,122,99,87.38346350276333,880,123.57752844518944
88,87,68,94,87.6779925255044,890,88.17019194015859
89,87,-139,8,87.76364750191037,900,-82.51535638846268
90,90,142,25,90.92156503347296,910,129.50574299592859
91,90,34,74,90.19940908130695,920,26.78785615303741
92,90,170,100,90.14855981477214,930,51.79647401085586
93,93,121,71,93.56229103794003,940,123.02516923933882
94,93,-48,7,93.12892576336162,950,-39.50886345634672
95,93,-9,20,93.0577674292538,960,-108.06498420343436
96,96,127,51,96.54546367245787,970,57.094092021791425
97,96,40,33,96.86965470606786,980,112.62095840557458
98,96,-80,43,96.66894177777706,990,167.5921879954244
99,99,-141,19,99.80927332099097,1000,75.29236501726785
100,99,-65,50,99.96482731332931,1010,-27.288567701062703
101,99,162,69,99.87197027361452,1020,70.63459684100928
102,102,-16,28,102.48233216585203,1030,-17.743861682651186
103,102,14,33,102.56095254472294,1040,160.19977307282733
104,102,143,45,102.24253273241528,1050,-107.71486741560106
105,105,117,71,105.71886724434434,1060,-118.45814576250403
106,105,189,28,105.63128451832921,1070,-142.530676560792
107,105,3,5,105.78592471832408,1080,130.97533106729753
108,108,58,38,108.8929700557633,1090,184.45765581761583
109,108,-152,59,108.22492684999966,1100,-142.81654654275195
110,108,-90,41,108.61027001471064,1110,38.75557649795769
111,111,-134,23,111.063613551723,1120,110.11848775154886
112,111,-188,58,111.12777283496924,1130,9.232883297520033
113,111,-138,76,111.50150454168394,1140,-130.1433412524038
114,114,-172,30,114.25297634618079,1150,41.76931274983036
115,114,-128,95,114.81767710059289,1160,-60.45098035144622
116,114,-135,96,114.06125850488348,1170,-125.80319116566918
117,117,-118,31,117.38461722342679,1180,141.07492835593519
118,117,59,17,117.8086632768254,1190,52.78845441827016
119,117,160,88,117.44056823421768,1200,-147.6373571783014
120,120,-86,40,120.47905310161251,1210,-23.584253019674293
121,120,-188,36,120.88710186814446,1220,2.079755173203722
122,120,162,18,120.46157615633479,1230,-173.13102115349943
123,123,57,38,123.86531902376512,1240,115.0168956523903
124,123,-87,74,123.93153938774962,1250,81.48782784449457
125,123,-133,68,123.77801045775098,1260,-2.1628435234142103
126,126,11,74,126.5587848208436,1270,-60.03374338837881
127,126,-135,48,126.93473732603003,1280,-123.05315003625809
128,126,-190,2,126.51154147834487,1290,150.11651599175195
129,129,-165,75,129.41222679367206,1300,-110.07744242475668
130,129,112,52,129.3185937904564,1310,-84.78351070446678
131,129,113,83,129.97082930169267,1320,-110.34423453506865
132,132,-98,66,132.27400292048534,1330,-129.91772765694475
133,132,80,50,132.09732330225123,1340,18.225489276034295
134,132,-185,64,132.69125458953928,1350,169.8967447781036
135,135,171,58,135.31166006718576,1360,82.23545132000856
136,135,-106,36,135.36368752464418,1370,-153.32300766855937
137,135,-92,62,135.0418014421263,1380,154.08771989771247
138,138,-146,63,138.97743167942434,1390,-42.71752761734078
139,138,84,89,138.99603070305713,1400,87.2830174250355
140,138,182,44,138.7520605472953,1410,-187.46026859397315
141,141,-129,74,141.64339236398095,1420,-41.2634562526772
142,141,67,23,141.1777616576025,1430,143.77947759105945
143,141,-113,62,141.98409282165193,1440,-150.27888422294987
144,144,-17,52,144.49347797911958,1450,188.32501689825256
145,144,134,14,144.43983105276013,1460,188.76418692030052
146,144,-110,14,144.88863075681698,1470,170.2967726897129
147,147,-62,98,147.7961299571057,1480,144.14606669108247
148,147,-125,97,147.38988919726683,1490,159.92950437641963
149,147,-69,26,147.43262841269606,1500,-45.86281075311558
150,150,14,19,150.7062230705579,1510,59.10981223155025
151,150,-69,14,150.85392536351412,1520,-75.21771225935377
152,150,25,73,150.90785919373252,1530,-136.11150667294987
153,153,100,44,153.90766702319297,1540,-151.51828837072574
154,153,-126,71,153.21026521459552,1550,43.63054855082194
155,153,-16,50,153.60216192302104,1560,52.94336234316356
156,156,-76,88,156.18577166643115,1570,-48.52014342611679
157,156,113,39,156.33743438999835,1580,-39.19663424418775
158,156,35,53,156.41592013305387,1590,125.90929491938834
159,159,14,66,159.9404334716478,1600,-78.445280147973
160,159,-11,29,159.8320261434419,1610,8.967553290236737
161,159,15,100,159.3517875728789,1620,120.16674454434423
162,162,158,100,162.27204514732287,1630,135.52391881024033
163,162,-14,20,162.41812746970234,1640,147.9653764986772
164,162,-142,86,162.07589005268585,1650,111.92882635625739
165,165,28,2,165.9186168448133,1660,171.44151596552882
166,165,-37,71,165.5136516263512,1670,92.63291368223645
167,165,11,36,165.6378323507895,1680,74.75582308820123
168,168,25,24,168.0198562882489,1690,71.19345276318421
169,168,-131,43,168.2561814528083,1700,86.37203889201771
170,168,136,77,168.94346525771948,1710,74.92575289929522
171,171,59,80,171.44195522967502,1720,-41.39434762177234
172,171,-51,50,171.80800984381082,1730,25.122288867891285
173,171,83,36,171.53425770543123,1740,-102.41696537466258
174,174,-13,82,174.23161396226843,1750,128.445759409318
175,174,153,94,174.7513910023014,1760,-142.9449543730996
176,174,-73,64,174.09767032809782,1770,88.38600027647516
177,177,38,80,177.42271583140857,1780,167.48269537071326
178,177,-23,46,177.16693506232238,1790,115.67004704209074
179,177,119,52,177.72375541876434,1800,1.5349388520752711
180,180,-152,89,180.27986475340597,1810,52.010081075321835
181,180,-168,88,180.8631105369609,1820,57.374813129725055
182,180,-51,95,180.0905971614866,1830,-70.46701770064583
183,183,-159,88,183.21156355196496,1840,11.077413757454423
184,183,-134,72,183.10634164040258,1850,146.3330144837356
185,183,-147,99,183.95701405554016,1860,-159.15846259190323
186,186,35,90,186.80867081360114,1870,178.23842271970693
187,186,-35,97,186.986359360785,1880,-39.7102037224426
188,186,109,54,186.28958289944973,1890,34.731394149518735
189,189,-172,17,189.0410775074708,1900,188.55751297914242
190,189,-45,49,189.53954602718048,1910,-170.34236689768932
191,189,57,65,189.7564213426545,1920,-184.7169333442208
192,192,13,72,192.29791823631996,1930,154.32447946910645
193,192,65,82,192.39527511746783,1940,44.05795804713898
194,192,-13,60,192.24062573504645,1950,-102.40843523583293
195,195,18,43,195.03686996959613,1960,56.10545600017127
196,195,-32,76,195.7276386687812,1970,-33.0479370557691
197,195,149,58,195.9336417630205,1980,-77.31435147988078
198,198,121,39,198.91622678367693,1990,-177.50133993817738
199,198,-169,56,198.51486264928056,2000,-32.79062614994572
200,198,67,7,198.85418686654953,2010,-56.43411500691724
201,201,-80,38,201.94313832178176,2020,-11.628392383729732
202,201,-136,62,201.88939804974945,2030,82.20690800795256
203,201,-136,34,201.83285058028886,2040,-9.510173433488916
204,204,164,69,204.76078296359134,2050,71.90603899639495
205,204,-14,100,204.11222696019283,2060,44.9167729534025
206,204,7,97,204.38639042765055,2070,122.92279503322862
207,207,144,45,207.94903111316933,2080,86.97569605521676
208,207,-60,16,207.55685297167872,2090,-182.82190262314938
209,207,-36,5,207.86043102711616,2100,77.15283016977742
210,210,-132,50,210.26681845909155,2110,123.21232660323687
211,210,-149,19,210.11512612048415,2120,-34.641579427132854
212,210,178,59,210.3505500889196,2130,172.35105465213172
213,213,-171,27,213.0281340786598,2140,75.19520994584326
214,213,-79,66,213.45834825589483,2150,-81.06432909434511
215,213,-28,92,213.69690442949405,2160,135.13177184498278
216,216,160,58,216.4076735347425,2170,-84.15009761391316
217,216,64,82,216.00465834136426,2180,-137.55232440274906
218,216,-82,51,216.71056267804695,2190,128.53079453719454
219,219,121,27,219.0467587254848,2200,137.99662208909126
220,219,166,15,219.15509092406995,2210,188.72456624521908
221,219,101,4,219.29220020021418,2220,41.35082041262376
222,222,-17,72,222.42540671888796,2230,173.90204891231622
223,222,2,94,222.24803970771686,2240,-58.09805033624261
224,222,-35,33,222.76898827075004,2250,138.82511160418454
225,225,44,60,225.80626171433252,2260,-11.314759174353327
226,225,-147,85,225.82780874830857,2270,127.24053039858637
227,225,68,33,225.42277595846127,2280,-46.85960918119898
228,228,-136,89,228.46184886747943,2290,-89.09893447747552
229,228,-155,61,228.51007621065486,2300,-155.77485701944923
230,228,-155,67,228.7491414340466,2310,173.3855947515019
231,231,111,65,231.19312546203554,2320,69.46545996203702
232,231,-66,24,231.07161588623765,2330,-147.0530257333274
233,231,-36,83,231.84305727433997,2340,112.69342948193997
234,234,-8,27,234.9416815281954,2350,148.5852487883668
235,234,-176,79,234.236964437251,2360,-152.60749744844372
236,234,-173,11,234.1210273273663,2370,156.95622005691166
237,237,-189,38,237.0524176487953,2380,-101.53580124733865
238,237,-121,39,237.85250776314265,2390,-134.46917072757952
239,237,58,92,237.2301208687201,2400,-24.658128332715364
240,240,175,5,240.46847893203545,2410,-1.7366085426291136
241,240,-138,80,240.4330967996994,2420,177.06321340911938
242,240,-24,17,240.92646207370072,2430,76.33357081362448
243,243,-159,100,243.34718405179905,2440,157.70497943993
244,243,121,23,243.3039297597054,2450,83.78145473884518
245,243,-153,83,243.26526844620622,2460,-156.20865608877207
246,246,-3,52,246.7198833708646,2470,-109.32908084335678
247,246,6,45,246.57044639682658,2480,20.95109389258795
248,246,173,94,246.6732965966176,2490,157.59622778446948
249,249,-24,39,249.04069718057053,2500,94.63668705390643
250,249,-20,22,249.6001368476652,2510,-167.71491352253275
251,249,139,76,249.4881734203803,2520,157.3155155543459
252,252,-157,49,252.5100219892138,2530,-7.495536369051933
253,252,-39,71,252.01113246003868,2540,-48.83915784740603
254,252,51,58,252.51715973684216,2550,-62.52717873222332
255,255,156,82,255.86069186207226,2560,21.142976130488194
256,255,-92,40,255.82493198383307,2570,125.729820263117
257,255,-110,93,255.54642824433992,2580,-91.5825067138564
258,258,40,62,258.56855432713144,2590,-187.20871058946383
259,258,-155,58,258.49852916334675,2600,-154.4570478774594
260,258,5,25,258.03220234882707,2610,136.2070324338568
261,261,-184,45,261.09761179394155,2620,-14.092956457165315
262,261,-156,74,261.9706721673711,2630,170.48323127396725
263,261,-34,54,261.7435981735568,2640,-99.72990349952693
264,264,-23,94,264.99820507836733,2650,-136.50301764117964
265,264,25,5,264.0909875514515,2660,-59.30072119703644
266,264,-142,97,264.53651420425894,2670,125.66679236940394
267,267,49,93,267.5390829274379,2680,-64.6496217973331
268,267,34,83,267.9030317001256,2690,176.85067507066645
269,267,-153,37,267.05841535944785,2700,151.4316892161632
270,270,28,94,270.3249073613644,2710,150.9062454359758
271,270,25,21,270.2047977135561,2720,148.51599366399518
272,270,-134,65,270.6970248633063,2730,-95.71822889679419
273,273,110,82,273.62824393332016,2740,-14.27826316798496
274,273,-180,50,273.332397487879,2750,138.41330353242557
275,273,6,50,273.7649597836975,2760,154.23180543895324
276,276,14,25,276.223930383819,2770,31.83306980934097
277,276,-28,61,276.76798624453835,2780,-96.34763222333994
278,276,-133,88,276.69236696583727,2790,17.093705350252378
279,279,48,96,279.69023992667087,2800,121.7288329873769
280,279,-136,45,279.22943902090253,2810,-158.5909561828092
281,279,-183,60,279.67290542988087,2820,49.41104870767569
282,282,99,7,282.751140512219,2830,-143.77397721211582
283,282,-127,73,282.88469298601296,2840,3.568411354178579
284,282,122,84,282.8209125271186,2850,78.99650718984128
285,285,-94,69,285.4178111660745,2860,-38.048202893718326
286,285,-38,73,285.0811595945596,2870,109.92370255808254
287,285,-53,18,285.2686955087695,2880,96.2416531079013
288,288,-168,99,288.2742496009787,2890,-1.4294137365611448
289,288,-64,96,288.6017615849453,2900,116.44399686235005
290,288,-39,5,288.3071581702237,2910,25.333436467103496
291,291,-69,32,291.08575083515956,2920,69.99418292047818
292,291,44,78,291.5977121688691,2930,171.531735336331
293,291,174,19,291.4741270085017,2940,-60.70984995887818
294,294,-75,83,294.10414918681056,2950,-189.75059217472236
295,294,-63,80,294.07679303184824,2960,-40.00704551092548
296,294,142,13,294.9450933117512,2970,-173.26977311879278
297,297,-26,42,297.7185268995573,2980,-105.85004222281316
298,297,8,3,297.8325985872016,2990,156.59749964850573
299,297,-68,1,297.7862358114547,3000,-68.14510366039983
300,300,-105,8,300.0561141711723,3010,-149.24098208144588
301,300,85,28,300.8382933140452,3020,-158.36251142029
302,300,-176,15,300.19221830782675,3030,76.57520433953573
303,303,-128,57,303.5788971942116,3040,-127.514787735243
304,303,17,45,303.2576836993613,3050,13.230408633139177
305,303,172,48,303.5030254373894,3060,-183.46597552657585
306,306,43,65,306.02570958575257,3070,-59.81818832820889
307,306,-68,19,306.90694856544724,3080,-123.21274775250632
308,306,160,83,306.540740427925,3090,71.93104264110423
309,309,98,67,309.3448549943576,3100,-118.36342060543657
310,309,-69,31,309.6252187601025,3110,-5.725812794647766
311,309,136,60,309.2736783443352,3120,15.41918344780916
312,312,-103,37,312.09745817743874,3130,115.82292563626646
313,312,64,68,312.90873846190846,3140,-64.70409145400323
314,312,128,64,312.3984893760769,3150,-158.05914392215138
315,315,-159,81,315.6558331171699,3160,117.46077792502848
316,315,71,17,315.189904610431,3170,-49.38384354842975
317,315,129,64,315.7290794661458,3180,81.36829534866735
318,318,44,48,318.5555237138469,3190,-147.75436163682394
319,318,-34,44,318.2258283467691,3200,96.77855151088892
320,318,66,78,318.26795393150525,3210,-165.4146204898291
321,321,78,65,321.9258157970706,3220,-128.83872569352792
322,321,-182,26,321.87211442487757,3230,122.83311917600241
323,321,-124,27,321.50935427805547,3240,-126.6998451489315
324,324,114,51,324.7878216331623,3250,68.57210205530419
325,324,-36,91,324.509291132157,3260,-104.72040992386879
326,324,157,90,324.2894164092347,3270,41.83669775575879
327,327,-112,20,327.86036201451594,3280,143.98713893154968
328,327,186,9,327.15823818834866,3290,159.65168551529683
329,327,155,42,327.5077118865405,3300,-26.06738305175594
330,330,-70,15,330.9008465176582,3310,117.63517073722079
331,330,141,43,330.76822834633384,3320,178.16202971520528
332,330,142,66,330.84144059413404,3330,31.994729470696257
333,333,144,47,333.545329833338,3340,-43.56842083775851
334,333,-120,37,333.8992347744404,3350,-11.587410178249826
335,333,68,75,333.5345005188847,3360,137.3084722225729
336,336,-73,68,336.51482374250264,3370,46.59634852381288
337,336,-62,64,336.2836300992321,3380,135.6265854708983
338,336,-10,19,336.6430472717911,3390,108.67980186363758
339,339,29,54,339.16684770166137,3400,-11.76573527763091
340,339,124,95,339.8148729369914,3410,-85.66693827242744
341,339,-6,1,339.2448825354883,3420,-44.21344093560347
342,342,-59,16,342.4866793875809,3430,5.533728054536908
343,342,-22,12,342.5091532933879,3440,-143.29344992937862
344,342,-129,81,342.27568833339325,3450,174.64312253246055
345,345,20,92,345.8933018221414,3460,-171.17803607791097
346,345,21,2,345.42417327193414,3470,-145.91490676187925
347,345,-31,77,345.915831699707,3480,-43.25316331389044
348,348,141,94,348.6752095568642,3490,-167.3487128559082
349,348,-99,12,348.8482054126414,3500,28.066301630743908
350,348,-19,80,348.9064311636834,3510,-162.74101886278044
351,351,28,69,351.47204362844127,3520,-150.67721229033683
352,351,138,45,351.579512938035,3530,-139.1984434213078
353,351,-110,55,351.73913256839114,3540,81.98390941721573
354,354,-92,97,354.905185601079,3550,101.10262853544577
355,354,-23,65,354.315047791162,3560,40.83345175316998
356,354,-54,80,354.83378148433235,3570,-65.44735250355437
357,357,-91,13,357.8661130452993,3580,-34.047383070071106
358,357,-142,63,357.9783804316591,3590,-143.17184807188744
359,357,25,15,357.7942273473297,3600,134.0199131681734
360,360,60,34,360.2229868874405,3610,-183.00490099560014
361,360,71,29,360.0712088328884,3620,-186.89125161309622
362,360,-150,85,360.13497054624327,3630,170.61188591564178
363,363,-162,96,363.03145018189866,3640,-145.20011745326707
364,363,169,9,363.4714797027757,3650,16.56853747071935
365,363,-62,66,363.0067281873779,3660,146.59563153143552
366,366,145,99,366.6054507953246,3670,79.470394663327
367,366,116,18,366.6167436124734,3680,128.86923649537408
368,366,60,37,366.49280237967497,3690,66.23280112164178
369,369,56,71,369.4234447063023,3700,9.172876084856085
370,369,81,57,369.1799953932796,3710,41.373118701433754
371,369,-43,44,369.0512147566286,3720,-46.12956505837985
372,372,42,55,372.91005136613734,3730,-187.07397967361567
373,372,139,51,372.8652947412228,3740,-7.06730479394875
374,372,-121,91,372.0560157866518,3750,81.5666407008963
375,375,63,10,375.56089085644396,3760,-89.82914611233254
376,375,132,30,375.7930233905656,3770,43.41021101175099
377,375,-171,53,375.30554245114115,3780,-45.31244748845728
378,378,-102,66,378.8705614954502,3790,-184.20588942214945
379,378,112,36,378.65337076330337,3800,28.38653624163831
380,378,134,97,378.22266045380434,3810,138.23013316187615
381,381,135,21,381.1745834319719,3820,-64.81788691171937
382,381,-188,4,381.2830553745446,3830,-39.34877140934381
383,381,35,51,381.26724866417925,3840,100.19843493845946
384,384,156,100,384.6619262210402,3850,-27.82670233393418
385,384,100,87,384.3282358622432,3860,-61.017203613818054
386,384,-114,43,384.0157603579119,3870,96.88185069257105
387,387,-56,54,387.5566455270576,3880,104.8705117810888
388,387,-154,60,387.5966818547057,3890,15.92929431102965
389,387,-24,39,387.4709633344989,3900,-52.55983283877319
390,390,42,34,390.61742502438534,3910,14.728173868826275
391,390,80,73,390.42913985620794,3920,-144.3545847015219
392,390,-4,41,390.6619380428372,3930,56.96643872564877
393,393,58,29,393.49850636997877,3940,106.14782808759503
394,393,153,100,393.812007011294,3950,-70.35701427694798
395,393,89,80,393.8708433073353,3960,136.76545565315598
396,396,143,67,396.78063565349595,3970,-3.0534392523975384
397,396,-136,3,396.8200615712129,3980,-174.96636711513813
398,396,-82,24,396.16990839729743,3990,153.09128434480408
399,399,-18,54,399.7412685870575,4000,-166.57216288934455
400,399,-178,95,399.531315773939,4010,-70.71313135392091
401,399,108,8,399.2046705549813,4020,-84.02906142015206
402,402,189,74,402.87363570733675,4030,-159.38286500601822
403,402,-178,1,402.38659496801193,4040,179.86746078092028
404,402,58,88,402.6425860529838,4050,60.4173410720438
405,405,119,68,405.6329611627059,4060,30.797393262333458
406,405,-40,53,405.666734298258,4070,189.53821565724024
407,405,-117,37,405.67100185987755,4080,-21.845900540035444
408,408,81,49,408.3592343988162,4090,-76.46673484119478
409,408,22,57,408.01571310471894,4100,52.274750706068716
410,408,-90,18,408.67426932228426,4110,18.18416217399303
411,411,24,82,411.1777450785141,4120,146.07194182730115
412,411,-86,97,411.1020782640143,4130,178.30395597251464
413,411,-95,59,411.32091935174407,4140,175.85830045225896
414,414,170,48,414.76307894557954,4150,137.67999767492182
415,414,-4,8,414.9078958349795,4160,-17.68415551445233
416,414,81,67,414.9958174193098,4170,-82.33276994087048
417,417,93,43,417.45700430921494,4180,152.91651970263246
418,417,-88,45,417.69036031662705,4190,161.05792655062191
419,417,8,56,417.8225280536377,4200,141.81411003005206
420,420,-123,74,420.1790695229901,4210,-27.308211298072337
421,420,160,52,420.0471983892289,4220,155.0713878715834
422,420,127,41,420.0548514890284,4230,137.2820248174624
423,423,-82,50,423.3219315469706,4240,-117.80066800655756
424,423,18,82,423.24126425721295,4250,64.76590043787877
425,423,5,44,423.3476503760448,4260,-88.5385423440973
426,426,-107,60,426.0698959944397,4270,185.25989433649806
427,426,119,41,426.2937474839684,4280,129.95929537195514
428,426,-186,6,426.67236332430724,4290,-8.318142858271159
429,429,-107,86,429.91845323122726,4300,-74.30578216643691
430,429,-74,33,429.32630881690204,4310,70.46108676593161
431,429,167,90,429.270360674808,4320,177.4061923223722
432,432,-14,87,432.22542178161996,4330,163.19400906602135
433,432,-26,99,432.25443008024445,4340,-148.16038102054324
434,432,-143,59,432.16425846528875,4350,-140.48849758423728
435,435,-66,27,435.0247698064649,4360,178.18282388438314
436,435,-14,79,435.0665551680052,4370,108.37866721901315
437,435,35,74,435.52052466190094,4380,151.07156822773146
438,438,-103,75,438.882705201611,4390,11.781387355378826
439,438,43,84,438.1989842949041,4400,43.741450684947864
440,438,-93,96,438.42824517747744,4410,-133.45692450202534
441,441,-40,79,441.72740619179245,4420,174.49904924214496
442,441,-80,25,441.87653161736426,4430,21.41391876264433
443,441,-186,80,441.91946622426394,4440,-58.09190942194101
444,444,-11,2,444.9771947444449,4450,-112.00007515641758
445,444,184,83,444.9267406160972,4460,104.8130968399467
446,444,-27,44,444.9097814223431,4470,122.82425478952354
447,447,45,32,447.72955001315904,4480,41.12305079983929
448,447,66,60,447.54762425710607,4490,55.75102885015747
449,447,151,72,447.0807573928348,4500,-43.831018912939726
450,450,-112,70,450.8959134370824,4510,74.44458308563708
451,450,141,97,450.87395681999953,4520,-110.71775414069937
452,450,-87,65,450.24829101000734,4530,-33.68620713175238
453,453,138,34,453.91939180703974,4540,173.9488478773094
454,453,-79,14,453.7847848472287,4550,159.68671430329573
455,453,-94,95,453.24497523658965,4560,40.84810424411856
456,456,26,94,456.1295024015626,4570,133.91392061006547
457,456,-44,23,456.26511180604706,4580,105.29027188431184
458,456,-165,10,456.7968028083576,4590,107.41964260438164
459,459,179,60,459.8351437073038,4600,-129.22809753521074
460,459,-63,76,459.34955437079554,4610,83.9674302150263
461,459,-128,31,459.66596066382823,4620,-83.47222602973712
462,462,-36,76,462.2763230570925,4630,13.207416770036161
463,462,129,78,462.0829461294371,4640,167.5520465082625
464,462,-66,100,462.0260773845101,4650,137.7418692241872
465,465,117,28,465.7097898204929,4660,-83.72678319840257
466,465,-151,91,465.25955395627926,4670,27.032543070706794
467,465,-100,94,465.33773684021617,4680,162.55697827818796
468,468,-178,9,468.6135925982106,4690,24.260921757292778
469,468,105,68,468.42099871127465,4700,-155.43878310200893
470,468,-107,31,468.35599504900443,4710,96.90898726305716
471,471,137,20,471.53740684166877,4720,-33.28077315776781
472,471,-124,46,471.40789965367304,4730,18.88737659482902
473,471,138,88,471.1895301180921,4740,-54.05930171810871
474,474,-96,23,474.6214290475167,4750,102.6084111658148
475,474,-128,42,474.14758716325355,4760,62.993159875660865
476,474,-155,31,474.42556985426825,4770,180.48544438990268
477,477,136,74,477.8560846443919,4780,49.87868751695629
478,477,63,37,477.7713366169778,4790,-24.443263010155306
479,477,-125,43,477.05218623249687,4800,138.24516605795486
480,480,56,71,480.0978578194952,4810,-136.13536714424413
481,480,-170,38,480.4214761604785,4820,183.31684729228658
482,480,-40,31,480.4431007937716,4830,-34.325618199634164
483,483,95,24,483.87283870323415,4840,-129.67433342365933
484,483,147,55,483.41895473828123,4850,126.98301351685262
485,483,-130,52,483.482270388546,4860,142.6182412638504
486,486,82,3,486.9280331759061,4870,161.80300015040672
487,486,190,28,486.14500900991874,4880,-83.5068007309442
488,486,-59,77,486.3585333444412,4890,106.81089007272226
489,489,127,17,489.956404885535,4900,-108.95880906499426
490,489,30,58,489.0457420186654,4910,46.65969022888328
491,489,-85,73,489.0837272041428,4920,-46.9835024637444
492,492,183,57,492.0560405856813,4930,165.8840459690992
493,492,-31,78,492.97532593663914,4940,-175.37192953417497
494,492,35,86,492.232889526995,4950,105.101231463359
495,495,124,64,495.0073342828325,4960,-65.20640902322961
496,495,-2,34,495.0242713908972,4970,188.60607251752634
497,495,-190,23,495.47932879522364,4980,-174.9530508342298
498,498,-43,46,498.587588630073,4990,65.61324503571063
499,498,-41,57,498.9603637796479,5000,-69.4054304779751
500,498,-11,14,498.2046021748172,5010,-104.859195257172
501,501,-152,25,501.23193568035305,5020,78.04879419281065
502,501,126,39,501.2436632414678,5030,-5.9148016051924515
503,501,31,81,501.2540900815239,5040,-33.526033941359685
504,504,80,2,504.1422064816405,5050,-108.90723289272124
505,504,-28,27,504.89119822302837,5060,-172.7173292718656
506,504,179,0,504.57009746634293,5070,-78.93977957752499
507,507,-72,29,507.06966666007645,5080,73.02720742820793
508,507,68,47,507.04161436172313,5090,-154.55294407156637
509,507,-146,30,507.8669719135039,5100,124.95701727619394
510,510,-66,57,510.72846717622133,5110,-7.930342011918668
511,510,-9,34,510.34159893196716,5120,-105.55711275933115
512,510,-79,34,510.74115381751415,5130,-64.5224396650383
513,513,97,100,513.6171479688286,5140,-172.37616773530567
514,513,-66,65,513.2524480365051,5150,-146.98818285840153
515,513,103,82,513.5069959257249,5160,-75.91130297864993
516,516,127,1,516.4744882805388,5170,108.0794083254126
517,516,125,95,516.7542425190467,5180,8.464521127242932
518,516,6,75,516.9831672801558,5190,-26.55243535560453
519,519,-63,90,519.9612886101901,5200,-148.3022572414873
520,519,12,89,519.4065210905036,5210,81.97321353938514
521,519,37,73,519.7782222947525,5220,-64.83833892423647
522,522,151,30,522.5449810352034,5230,30.153830214758898
523,522,-29,33,522.3949671308061,5240,92.50989615013077
524,522,-67,90,522.3826687099166,5250,21.049886648527377
525,525,-54,83,525.1352623486597,5260,61.57381698892027
526,525,12,53,525.760230432129,5270,125.30039377499259
527,525,-64,8,525.8701153544122,5280,-123.55550189625875
528,528,-35,69,528.9700044977482,5290,89.19762631326768
529,528,7,57,528.1070462009448,5300,103.27498796432337
530,528,86,60,528.4725327429318,5310,-106.90905298964756
531,531,85,15,531.2875684660584,5320,-36.41271105720361
532,531,77,9,531.4560394089566,5330,-71.36407500095176
533,531,90,77,531.4966540093988,5340,91.1253052981674
534,534,-58,58,534.1704875911121,5350,-0.22543403562369235
535,534,-106,36,534.2732571032616,5360,21.522685191484072
536,534,-6,98,534.2948859179273,5370,-121.8604949144676
537,537,-32,30,537.9115793704678,5380,-125.69590156600945
538,537,144,54,537.2639444730656,5390,-49.76664634899001
539,537,-104,48,537.867304883801,5400,103.72169851158282
540,540,124,100,540.8558092844762,5410,114.79613050623982
541,540,39,81,540.4898616688471,5420,169.88229494933847
542,540,12,23,540.4301164952893,5430,33.727150220991405
543,543,-126,54,543.0592857557124,5440,72.34966422434309
544,543,-169,11,543.5998522309003,5450,-116.55008521635187
545,543,184,97,543.2327630525668,5460,174.68530946070734
546,546,-47,92,546.8779143078486,5470,-3.646852278081383
547,546,-74,28,546.4305004869229,5480,123.52458091223275
548,546,141,27,546.0273210750984,5490,-141.0635323799285
549,549,-78,98,549.8517147581722,5500,79.96200470696851
550,549,174,70,549.2986610984876,5510,-72.03667906168717
551,549,78,26,549.6024250444544,5520,-47.579954158573685
552,552,94,8,552.323263452103,5530,183.38132250979606
553,552,14,34,552.9436161320075,5540,-114.2524508950695
554,552,133,51,552.1061616592159,5550,-116.45744849339685
555,555,-185,91,555.4201093890894,5560,-115.46186598662082
556,555,189,73,555.357943608316,5570,-128.0071774497735
557,555,-133,34,555.9687256698737,5580,24.028385226426707
558,558,-52,91,558.8607324249978,5590,-35.338279622170404
559,558,48,2,558.6764216609959,5600,-31.227197132394338
560,558,41,74,558.8890201592415,5610,-146.79763029549827
561,561,-168,10,561.9644235894914,5620,-61.34023740670037
562,561,-115,5,561.4433845778113,5630,36.52037762480089
563,561,13,10,561.5685038099713,5640,-188.10827135383275
564,564,-73,14,564.2388811850939,5650,52.834038449866654
565,564,106,22,564.9117570959394,5660,-142.8856075028536
566,564,-31,37,564.7338733364043,5670,131.75372275472483
567,567,5,84,567.3962216024848,5680,49.669252054422856
568,567,83,86,567.1228253684473,5690,188.0834259329136
569,567,-160,18,567.0877829448744,5700,-53.372543182601135
570,570,107,53,570.4153548265239,5710,-10.486206339498466
571,570,-173,31,570.1101797792012,5720,111.08885142185864
572,570,131,68,570.2533813768637,5730,-121.89038923354708
573,573,-164,87,573.8609553032155,5740,-135.66225809885538
574,573,189,8,573.3676990198962,5750,80.71156222278483
575,573,-37,2,573.4463079223568,5760,53.61185355048346
576,576,130,21,576.5060487109134,5770,71.72757041412547
577,576,139,18,576.6129198960983,5780,-121.61399362381127
578,576,-6,1,576.9470477822282,5790,84.34213335681682
579,579,53,75,579.6848850117536,5800,-28.357834476226827
580,579,-153,61,579.2238319471952,5810,-124.25846219556642
581,579,0,97,579.0642474570222,5820,-106.6823725254917
582,582,-35,31,582.4737031089091,5830,-41.342799425059155
583,582,87,12,582.7540751915778,5840,77.23958108441025
584,582,136,60,582.929248368988,5850,33.052710337663854
585,585,59,100,585.6077889720065,5860,-17.38662572085238
586,585,146,69,585.8845958972099,5870,31.687530455490815
587,585,155,93,585.6232220593931,5880,-175.59581020313266
588,588,64,1,588.5548281042155,5890,3.0483621513039054
589,588,-161,81,588.9882673400913,5900,82.59378652458872
590,588,83,42,588.2879861892807,5910,97.70279996335222
591,591,-92,77,591.032392108762,5920,-75.39294037585323
592,591,150,11,591.0725685523348,5930,-71.88683215127284
593,591,-138,30,591.2951175279723,5940,155.3525304338247
594,594,-105,62,594.4814036285588,5950,-115.75415272131669
595,594,17,88,594.2925971604993,5960,-61.46993255776451
596,594,44,75,594.4331475228701,5970,13.680432319518331
597,597,-131,3,597.5901709273273,5980,-82.58115748388958
598,597,-149,36,597.5103233740205,5990,45.26673261455741
599,597,-163,55,597.7100513093408,6000,-88.14944595582206
600,600,33,77,600.972106546884,6010,106.3709050919594
601,600,157,84,600.9929203168386,6020,51.29959983350966
602,600,99,18,600.2939201520144,6030,-108.01568285167994
603,603,5,100,603.2429261376541,6040,-65.1497980824307
604,603,145,71,603.9989758360339,6050,55.278098345587495
605,603,0,59,603.3171999133632,6060,-125.81630888901711
606,606,3,15,606.5371608595619,6070,-95.49811196370091
607,606,14,63,606.0446362757226,6080,24.05600073622145
608,606,148,73,606.2853664829354,6090,-5.066656160129554
609,609,-188,5,609.3346982709193,6100,-187.29250128980476
610,609,-26,6,609.3867016752249,6110,-73.68395474507878
611,609,-143,61,609.3869382183332,6120,-93.98919398361774
612,612,13,83,612.1425786839746,6130,14.26786213667441
613,612,92,54,612.1179018418056,6140,-87.16276030603407
614,612,83,93,612.240620370768,6150,-44.64620822060249
615,615,188,99,615.8795560400921,6160,32.1566117702923
616,615,-29,50,615.1235321767705,6170,-136.27457729299175
617,615,-138,82,615.791616632028,6180,-87.68234865518541
618,618,86,39,618.4443683386592,6190,-136.91506607209618
619,618,6,12,618.1960079099748,6200,148.3434247593948
620,618,-146,48,618.8287324185408,6210,145.8389373292514
621,621,-86,61,621.170233044173,6220,-73.2039651510836
622,621,82,10,621.4039932640043,6230,173.34972842119538
623,621,-121,34,621.8210215461634,6240,130.72882590651278
624,624,95,53,624.0373569229843,6250,93.6327541151818
625,624,147,41,624.7428132640197,6260,24.573460591396525
626,624,55,46,624.3883989183616,6270,170.78817104244314
627,627,-52,12,627.0262800394974,6280,148.70833689781102
628,627,65,19,627.5726980385795,6290,135.17174860370488
629,627,-9,21,627.351495397718,6300,100.23464231021677
630,630,161,29,630.5548912862796,6310,83.3733386803047
631,630,-159,31,630.589386200052,6320,-94.2871958265302
632,630,-147,22,630.3203217138911,6330,-114.73797249025864
633,633,-9,73,633.5284573581241,6340,182.30314967705766
634,633,165,65,633.1712523035925,6350,166.05808004798973
635,633,-46,84,633.5494807825045,6360,-26.098977671491838
636,636,-100,72,636.8490739952691,6370,-105.04157689246084
637,636,81,99,636.8233038569037,6380,135.52852176291088
638,636,-32,99,636.8349462854894,6390,172.429663026586
639,639,-169,91,639.1259287735749,6400,-78.55648215117488
640,639,-40,11,639.2216599519923,6410,92.49381207270073
641,639,42,97,639.8160929687502,6420,14.650525254517419
642,642,-66,47,642.245122773791,6430,-161.1925875138116
643,642,-64,79,642.9857907777676,6440,-94.28929574497968
644,642,-11,74,642.9640913531829,6450,7.395246418182154
645,645,139,5,645.9688405986024,6460,165.99861479440614
646,645,6,100,645.8413870738423,6470,-163.84938633737363
647,645,-104,4,645.0750455621782,6480,-88.36987765631415
648,648,-111,11,648.6666242527854,6490,135.75574923005075
649,648,-59,46,648.1176414719895,6500,26.481424895046274
650,648,53,86,648.2832730879876,6510,-108.93303197167873
651,651,104,52,651.5961877441304,6520,138.94564716604629
652,651,-163,20,651.9117529910515,6530,62.26296382484122
653,651,114,10,651.0039419060575,6540,-65.52710009932056
654,654,-83,3,654.188504757711,6550,-79.65089434664795
655,654,162,56,654.0413056746454,6560,-130.12013714769645
656,654,169,67,654.6265492174657,6570,-116.94690701141036
657,657,148,30,657.5567753624189,6580,-25.602606232208842
658,657,84,56,657.4043204573621,6590,162.06736529929537
659,657,130,80,657.1975654580993,6600,140.97001778031694
660,660,-87,28,660.722163495639,6610,-179.83295196422426
661,660,-42,99,660.8478166172466,6620,-122.36695958256644
662,660,-94,86,660.9508877197612,6630,-62.21110655578545
663,663,181,96,663.6910721846426,6640,177.96722731469595
664,663,182,89,663.2274662217137,6650,-96.18338403253782
665,663,-148,79,663.2011641212124,6660,167.95740966643433
666,666,-6,81,666.9252937138635,6670,-86.31698887206682
667,666,-150,100,666.5392333076344,6680,45.13293425460836
668,666,134,25,666.3992356320111,6690,172.18601347597735
669,669,-93,54,669.9314908872233,6700,-43.133638559764705
670,669,89,53,669.0073716985778,6710,-133.76880770612703
671,669,-39,31,669.4050637001129,6720,-169.916867596415
672,672,97,36,672.5119955858257,6730,183.41433670374437
673,672,133,79,672.7529495874974,6740,-29.29785418052819
674,672,44,47,672.7718569080671,6750,166.69710804160485
675,675,-167,90,675.1618475649356,6760,91.72683216132191
676,675,-42,91,675.6920397969027,6770,141.78665645606554
677,675,44,13,675.8820468296075,6780,155.56962468236122
678,678,50,39,678.4764207655453,6790,38.24527315325082
679,678,-172,59,678.5527702814945,6800,-148.06108936786651
680,678,-98,72,678.1110800846934,6810,-66.27639812181324
681,681,111,69,681.3759459156299,6820,29.753090003589165
682,681,-25,19,681.2301463663789,6830,172.1770573518254
683,681,152,18,681.3190956475139,6840,133.3604289882855
684,684,-64,55,684.0742424843968,6850,-51.85973030143762
685,684,-144,58,684.365671025191,6860,-47.77880336537103
686,684,139,47,684.1228023009438,6870,52.37560318585963
687,687,-96,63,687.1379017581883,6880,44.21653583066944
688,687,149,19,687.7718347426037,6890,41.447812887637554
689,687,74,81,687.5857339618584,6900,31.329620577993126
690,690,-108,46,690.6656284321946,6910,159.48421056186424
691,690,-139,12,690.2684360329066,6920,-158.85613385474028
692,690,-156,67,690.1633934882863,6930,-146.13989939794573
693,693,23,33,693.4060156148992,6940,183.01302805875622
694,693,-184,28,693.4957554306351,6950,-46.403059474846515
695,693,-135,55,693.1254791940278,6960,52.721153611437586
696,696,-158,9,696.6988822779255,6970,177.04935484728696
697,696,49,84,696.796285463684,6980,-71.83000541428072
698,696,-145,96,696.5960536640865,6990,-106.27768354810303
699,699,50,74,699.4661091164068,7000,-63.566711129303314
700,699,93,9,699.8737519818376,7010,-139.88503854994474
701,699,-156,60,699.7871404370414,7020,106.2572845243426
702,702,89,55,702.9402075491497,7030,126.24219864982001
703,702,-38,28,702.983627742285,7040,-49.7337724423943
704,702,178,39,702.6149271670268,7050,-8.86074910222257
705,705,163,93,705.35439814999,7060,10.10283419335147
706,705,-112,6,705.0176434664269,7070,174.68311156338268
707,705,-158,83,705.8961761761718,7080,170.68394280277033
708,708,-180,6,708.8797551792157,7090,-36.07033881694096
709,708,172,75,708.8387540800364,7100,-166.28705475190887
710,708,-179,48,708.5111417781894,7110,-2.2430519542448337
711,711,-69,70,711.638538327983,7120,-20.789312833706703
712,711,-67,86,711.3365229907442,7130,26.666457704399363
713,711,-94,39,711.4137870736241,7140,-176.54180250626825
714,714,146,3,714.1949550344244,7150,-150.63798694334056
715,714,-21,12,714.577486228467,7160,-106.7554726569118
716,714,31,7,714.8330252850654,7170,-105.47651634245965
717,717,-174,23,717.1245943226318,7180,-72.1223484699856
718,717,4,100,717.7512444723211,7190,-97.94212034963651
719,717,-186,53,717.8929066888113,7200,-138.81826754275036
720,720,-125,56,720.8288763996569,7210,115.00868926044876
721,720,139,14,720.3781512972007,7220,-39.73821482903821
722,720,100,6,720.4026264797716,7230,67.66351365298686
723,723,-74,12,723.8195715984997,7240,-40.21170336450493
724,723,114,35,723.8963982055657,7250,-164.06418247385062
725,723,185,51,723.5976163361139,7260,14.116447280791704
726,726,-114,28,726.0411028236979,7270,15.936650028687865
727,726,52,45,726.3886771193785,7280,103.16175092196886
728,726,113,19,726.6042330269577,7290,159.04316285565505
729,729,146,48,729.2606009187267,7300,9.538311944781071
730,729,-132,86,729.4015295227338,7310,70.70918728559815
731,729,162,80,729.9548177194965,7320,-70.43963098586345
732,732,40,3,732.4695540701044,7330,98.83837128089391
733,732,8,10,732.8361104902922,7340,96.73005551109765
734,732,-75,24,732.3996365006342,7350,-128.09492465490735
735,735,145,16,735.6122237158818,7360,-131.105301689507
736,735,176,99,735.1885830395653,7370,16.756806841425373
737,735,144,49,735.4507537503301,7380,-116.90698940107782
738,738,71,19,738.1714462939623,7390,-140.13341091886866
739,738,-179,22,738.1581785440013,7400,-77.3023549314073
740,738,-24,78,738.4301886019008,7410,31.440428772688193
741,741,3,54,741.3329366807144,7420,112.04038571835235
742,741,100,79,741.3355951725962,7430,-148.91243786374193
743,741,-101,30,741.1945749678465,7440,-63.838957788942025
744,744,-187,90,744.2358969403297,7450,97.67825591343671
745,744,-190,87,744.1128600386197,7460,-63.5346429603087
746,744,111,99,744.690237052713,7470,-22.248263363698356
747,747,34,8,747.4122927424299,7480,-139.48878695923435
748,747,-166,71,747.8649882062801,7490,70.91482916080594
749,747,-111,40,747.7572967560819,7500,-183.3808384002704
750,750,61,56,750.2840000322539,7510,-75.16479349967425
751,750,-139,45,750.2663959726403,7520,139.67683246513513
752,750,-167,59,750.9297248031754,7530,-9.811332864677382
753,753,28,100,753.3890490136388,7540,70.43740549635174
754,753,-25,52,753.6200523196425,7550,-104.57193707897846
755,753,-27,85,753.4169223494902,7560,-168.04078545329264
756,756,61,44,756.7075850400623,7570,-164.3998555470384
757,756,-150,64,756.9992153766569,7580,-113.76014791429809
758,756,-32,86,756.0568718383707,7590,-169.02717772268213
759,759,-184,93,759.4800397195859,7600,86.74416345200405
760,759,-159,24,759.4616620386322,7610,102.78876402638844
761,759,-93,18,759.1584570446877,7620,-157.33110196250678
762,762,155,2,762.5228782238272,7630,62.523669633279695
763,762,-107,24,762.842162945255,7640,1.3427463047357264
764,762,65,84,762.3693997259892,7650,129.34750187391717
765,765,22,82,765.9053123913866,7660,151.21289771838468
766,765,106,84,765.5654033328647,7670,64.47938887215957
767,765,-144,37,765.6757098537666,7680,166.8552961183692
768,768,-132,91,768.7504523635184,7690,-104.58554234484524
769,768,5,7,768.0844551615342,7700,-147.87913984717233
770,768,-165,89,768.1554646180441,7710,-105.34795240652639
771,771,-157,28,771.0160811577857,7720,-134.88631892673664
772,771,-82,91,771.5960794745597,7730,-164.55396022895633
773,771,-131,34,771.037546391938,7740,180.68829873701463
774,774,59,63,774.8966069521754,7750,74.59132838124708
775,774,-109,80,774.5320276052095,7760,-109.27410068232082
776,774,-182,39,774.3712372098702,7770,124.32973585211238
777,777,129,99,777.372502172821,7780,60.05322277025289
778,777,102,29,777.5510732453004,7790,-84.27494616612805
779,777,91,93,777.8993105805488,7800,-149.28330418003645
780,780,-113,62,780.8874687113612,7810,54.61773451458669
781,780,11,89,780.9785655768504,7820,75.41134663929773
782,780,121,89,780.8599291672084,7830,119.7320169140877
783,783,-154,48,783.7228095946999,7840,-72.29634777297635
784,783,-112,3,783.9248843376388,7850,-92.33872598277247
785,783,59,88,783.2562678300512,7860,-70.80385038788046
786,786,22,55,786.2143730895948,7870,105.07811918448414
787,786,34,73,786.4377353186159,7880,-141.4644546629628
788,786,-83,63,786.9847500136432,7890,19.256829699694975
789,789,-47,43,789.5919515417401,7900,128.50697534542292
790,789,126,0,789.5674511780845,7910,86.94119558090142
791,789,-159,90,789.8634080632767,7920,-15.16836371258512
792,792,-147,59,792.7585228686665,7930,-3.233685168778095
793,792,-71,64,792.4129828281357,7940,186.92858554708943
794,792,83,41,792.4299452679853,7950,66.3144283168889
795,795,-152,84,795.8795933921573,7960,37.39785445316204
796,795,121,99,795.5177809238411,7970,-56.78415134211332
797,795,-69,62,795.061199459531,7980,-174.6090982014252
798,798,190,82,798.2289350974214,7990,63.9160928380044
799,798,-61,44,798.1784979489029,8000,-95.67423297694475
800,798,-31,88,798.1009751637195,8010,175.9365641115835
801,801,112,49,801.2878590137522,8020,87.75394836676901
802,801,130,9,801.5891357732319,8030,66.48927082299849
803,801,-110,77,801.644692564755,8040,-47.014989302203475
804,804,23,98,804.6677688046537,8050,-3.873991506076578
805,804,-146,77,804.3334490312768,8060,-186.88031627958847
806,804,-37,59,804.9477620451303,8070,53.73788643229889
807,807,-137,3,807.1843818586775,8080,-25.33541087779588
808,807,188,73,807.3952797491544,8090,102.63595532619172
809,807,-74,51,807.5171882540081,8100,-149.32708994789525
810,810,134,46,810.4183695816967,8110,127.57296328846223
811,810,-190,28,810.2962276285732,8120,-84.4159909753045
812,810,138,72,810.3328745233587,8130,89.56110870651241
813,813,134,42,813.424491722748,8140,-185.32324804805327
814,813,-17,21,813.728581921301,8150,29.85372806772736
815,813,-113,40,813.9619130207349,8160,145.63207336813434
816,816,-159,94,816.1527141657223,8170,-147.48346172735455
817,816,47,38,816.3301830887463,8180,-156.37510081959283
818,816,-127,3,816.187466924997,8190,-22.019741583557646
819,819,31,48,819.6176761782131,8200,114.29972536246413
820,819,43,48,819.5263370228233,8210,131.72664618280436
821,819,-95,57,819.2199325384514,8220,-33.40900517043323
822,822,174,33,822.3710494601752,8230,-176.29849207940953
823,822,55,93,822.2281850275685,8240,30.439106381481054
824,822,92,50,822.7830391436254,8250,18.88686534628897
825,825,-67,98,825.0328686688079,8260,-55.07565169119971
826,825,112,91,825.4400960517775,8270,-76.22577333871767
827,825,184,62,825.7172079133005,8280,28.51952831492801
828,828,-31,100,828.3046866172119,8290,-23.339392332907806
829,828,-142,57,828.0349474393742,8300,88.96132901639766
830,828,-122,48,828.0027411341351,8310,-82.37221745988124
831,831,84,35,831.2839401405388,8320,67.826251682759
832,831,-147,67,831.4963512456544,8330,-109.51086674949808
833,831,0,67,831.3572730473451,8340,137.04952548747366
834,834,-174,19,834.9827948571514,8350,71.12980735207066
835,834,9,99,834.5797008795762,8360,-150.8619034414785
836,834,-66,12,834.7345703573002,8370,-155.30550410672873
837,837,-28,79,837.9730086359018,8380,55.15957858207307
838,837,104,75,837.1081002804535,8390,14.094350538963738
839,837,-16,21,837.2726736501481,8400,-116.41095430838371
840,840,-159,51,840.7147123480846,8410,121.71555864708478
841,840,22,11,840.3265237462409,8420,83.82260945471188
842,840,158,71,840.7093677297701,8430,147.6689833118847
843,843,31,20,843.6020708570024,8440,173.31537630834032
844,843,2,55,843.5952513345396,8450,102.18338359693189
845,843,2,35,843.6288193142682,8460,130.5087818402152
846,846,91,77,846.6623235885494,8470,-149.96295696544166
847,846,122,52,846.4633338385386,8480,49.81853890296276
848,846,79,67,846.926430454666,8490,30.809550984856685
849,849,86,64,849.3255317353819,8500,-71.61739105894421
850,849,14,78,849.1873630449114,8510,-85.13797259823664
